#Sample_Name	Barcode	LIMS_Order	Lanes	Class
c3g-het-3.mom	ATCACG	MOLNG-1872	5-6
c3g-het-3.dad	TTAGGC	MOLNG-1872	5-6
c3g-het-3.01	ACTTGA	MOLNG-1872	5-6
c3g-het-3.02	GATCAG	MOLNG-1872	5-6
c3g-het-3.03	TAGCTT	MOLNG-1872	5-6
c3g-het-3.04	GGCTAC	MOLNG-1872	5-6
c3g-het-3.05	AGTCAA	MOLNG-1872	5-6
c3g-het-3.06	AGTTCC	MOLNG-1872	5-6
c3g-het-3.07	ATGTCA	MOLNG-1872	5-6
c3g-het-3.08	CCGTCC	MOLNG-1872	5-6
c3g-het-3.09	GTAGAG	MOLNG-1872	5-6
c3g-het-3.10	GTCCGC	MOLNG-1872	5-6
c3g-het-3.11	GTGAAA	MOLNG-1872	5-6
c3g-het-3.12	GTGGCC	MOLNG-1872	5-6
c3g-het-3.13	GTTTCG	MOLNG-1872	5-6
c3g-het-3.14	CGTACG	MOLNG-1872	5-6
c3g-het-3.15	GAGTGG	MOLNG-1872	5-6
c3g-het-3.16	GGTAGC	MOLNG-1872	5-6
c3g-het-3.17	ACTGAT	MOLNG-1872	5-6
c3g-het-3.18	CGATGT	MOLNG-1872	7-8
c3g-het-3.19	TGACCA	MOLNG-1872	7-8
c3g-het-3.20	ACAGTG	MOLNG-1872	7-8
c3g-het-7.mom	GCCAAT	MOLNG-1872	7-8
c3g-het-7.dad	CAGATC	MOLNG-1872	7-8
c3g-het-7.01	CTTGTA	MOLNG-1872	7-8
c3g-het-7.02	ATCACG	MOLNG-1872	7-8
c3g-het-7.03	TTAGGC	MOLNG-1872	7-8
#c3g-het-7.04	ACTTGA	MOLNG-1872	7-8
c3g-het-7.05	GATCAG	MOLNG-1872	7-8
c3g-het-7.06	TAGCTT	MOLNG-1872	7-8
c3g-het-7.07	GGCTAC	MOLNG-1872	7-8
c3g-het-7.08	AGTCAA	MOLNG-1872	7-8
c3g-het-7.09	AGTTCC	MOLNG-1872	7-8
c3g-het-7.10	ATGTCA	MOLNG-1872	7-8
c3g-het-7.11	CCGTCC	MOLNG-1872	7-8
c3g-het-7.12	GTAGAG	MOLNG-1872	7-8
c3g-het-7.13	GTCCGC	MOLNG-1872	7-8
c3g-het-7.14	GTGAAA	MOLNG-1872	7-8
c3g-het-7.15	GTGGCC	MOLNG-1872	7-8
c3g-het-7.16	GTTTCG	MOLNG-1872	7-8
c3g-het-7.17	CGTACG	MOLNG-1872	7-8
c3g-het-7.18	GAGTGG	MOLNG-1872	7-8
c3g-het-7.19	GGTAGC	MOLNG-1872	7-8
c3g-het-7.20	ACTGAT	MOLNG-1872	7-8
