#Sample_Name		Barcode	LIMS_Order	Lanes		Class
corolla-hom-6.mom	CGATGT	MOLNG-1872	1-2
corolla-hom-6.dad	TGACCA	MOLNG-1872	1-2
corolla-hom-6.01	ACAGTG	MOLNG-1872	1-2
corolla-hom-6.02	GCCAAT	MOLNG-1872	1-2
corolla-hom-6.03	CAGATC	MOLNG-1872	1-2
corolla-hom-6.04	CTTGTA	MOLNG-1872	1-2
corolla-hom-6.05	ATCACG	MOLNG-1872	1-2
corolla-hom-6.06	TTAGGC	MOLNG-1872	1-2
corolla-hom-6.07	ACTTGA	MOLNG-1872	1-2
corolla-hom-6.08	GATCAG	MOLNG-1872	1-2
corolla-hom-6.09	TAGCTT	MOLNG-1872	1-2
corolla-hom-6.10	GGCTAC	MOLNG-1872	1-2
corolla-hom-6.11	AGTCAA	MOLNG-1872	1-2
corolla-hom-6.12	AGTTCC	MOLNG-1872	1-2
corolla-hom-6.13	ATGTCA	MOLNG-1872	1-2
corolla-hom-6.14	CCGTCC	MOLNG-1872	1-2
corolla-hom-6.15	GTAGAG	MOLNG-1872	1-2
corolla-hom-6.16	GTCCGC	MOLNG-1872	1-2
corolla-hom-6.17	GTGAAA	MOLNG-1872	1-2
corolla-hom-2.mom	GTGGCC	MOLNG-1872	1-2
corolla-hom-2.dad	GTTTCG	MOLNG-1872	1-2
corolla-hom-2.01	CGTACG	MOLNG-1872	1-2
corolla-hom-2.02	GAGTGG	MOLNG-1872	1-2
corolla-hom-2.03	GGTAGC	MOLNG-1872	1-2
corolla-hom-2.04	ACTGAT	MOLNG-1872	1-2
corolla-hom-2.05	CGATGT	MOLNG-1872	3-4
corolla-hom-2.06	TGACCA	MOLNG-1872	3-4
corolla-hom-2.07	ACAGTG	MOLNG-1872	3-4
corolla-hom-2.08	GCCAAT	MOLNG-1872	3-4
corolla-hom-2.09	CAGATC	MOLNG-1872	3-4
corolla-hom-2.10	CTTGTA	MOLNG-1872	3-4
corolla-hom-2.11	ATCACG	MOLNG-1872	3-4
corolla-hom-2.12	TTAGGC	MOLNG-1872	3-4
corolla-hom-2.13	ACTTGA	MOLNG-1872	3-4
corolla-hom-2.14	GATCAG	MOLNG-1872	3-4
corolla-hom-2.15	TAGCTT	MOLNG-1872	3-4
corolla-hom-4.mom	GGCTAC	MOLNG-1872	3-4
corolla-hom-4.dad	AGTCAA	MOLNG-1872	3-4
corolla-hom-4.01	AGTTCC	MOLNG-1872	3-4
corolla-hom-4.02	ATGTCA	MOLNG-1872	3-4
corolla-hom-4.03	CCGTCC	MOLNG-1872	3-4
corolla-hom-4.04	GTAGAG	MOLNG-1872	3-4
corolla-hom-4.05	GTCCGC	MOLNG-1872	3-4
corolla-hom-4.06	GTGAAA	MOLNG-1872	3-4
corolla-hom-4.07	GTGGCC	MOLNG-1872	3-4
corolla-hom-4.08	GTTTCG	MOLNG-1872	3-4
corolla-hom-4.09	CGTACG	MOLNG-1872	3-4
corolla-hom-4.10	GAGTGG	MOLNG-1872	3-4
corolla-hom-4.11	GGTAGC	MOLNG-1872	3-4
corolla-hom-4.12	ACTGAT	MOLNG-1872	3-4
corolla-hom-4.13	CGATGT	MOLNG-1872	5-6
corolla-hom-4.14	TGACCA	MOLNG-1872	5-6
corolla-hom-4.15	ACAGTG	MOLNG-1872	5-6
corolla-hom-4.16	GCCAAT	MOLNG-1872	5-6
corolla-hom-4.17	CAGATC	MOLNG-1872	5-6
corolla-hom-4.18	CTTGTA	MOLNG-1872	5-6
